-- MySQL dump 10.13  Distrib 8.4.6, for Win64 (x86_64)
--
-- Host: localhost    Database: gamehub
-- ------------------------------------------------------
-- Server version	8.4.6

/*!40101 SET @OLD_CHARACTER_SET_CLIENT=@@CHARACTER_SET_CLIENT */;
/*!40101 SET @OLD_CHARACTER_SET_RESULTS=@@CHARACTER_SET_RESULTS */;
/*!40101 SET @OLD_COLLATION_CONNECTION=@@COLLATION_CONNECTION */;
/*!50503 SET NAMES utf8mb4 */;
/*!40103 SET @OLD_TIME_ZONE=@@TIME_ZONE */;
/*!40103 SET TIME_ZONE='+00:00' */;
/*!40014 SET @OLD_UNIQUE_CHECKS=@@UNIQUE_CHECKS, UNIQUE_CHECKS=0 */;
/*!40014 SET @OLD_FOREIGN_KEY_CHECKS=@@FOREIGN_KEY_CHECKS, FOREIGN_KEY_CHECKS=0 */;
/*!40101 SET @OLD_SQL_MODE=@@SQL_MODE, SQL_MODE='NO_AUTO_VALUE_ON_ZERO' */;
/*!40111 SET @OLD_SQL_NOTES=@@SQL_NOTES, SQL_NOTES=0 */;

--
-- Table structure for table `friend_relation`
--

DROP TABLE IF EXISTS `friend_relation`;
/*!40101 SET @saved_cs_client     = @@character_set_client */;
/*!50503 SET character_set_client = utf8mb4 */;
CREATE TABLE `friend_relation` (
  `id` int NOT NULL AUTO_INCREMENT,
  `user_id` int NOT NULL,
  `friend_id` int NOT NULL,
  `status` tinyint NOT NULL DEFAULT '0',
  `reject_reason` varchar(100) DEFAULT NULL,
  `created_at` datetime DEFAULT CURRENT_TIMESTAMP,
  `updated_at` datetime DEFAULT CURRENT_TIMESTAMP ON UPDATE CURRENT_TIMESTAMP,
  PRIMARY KEY (`id`),
  UNIQUE KEY `user_id` (`user_id`,`friend_id`),
  KEY `idx_friend_relation_user_id` (`user_id`),
  KEY `idx_friend_relation_friend_id` (`friend_id`),
  KEY `idx_friend_relation_status` (`status`),
  CONSTRAINT `friend_relation_ibfk_1` FOREIGN KEY (`user_id`) REFERENCES `users` (`id`) ON DELETE CASCADE,
  CONSTRAINT `friend_relation_ibfk_2` FOREIGN KEY (`friend_id`) REFERENCES `users` (`id`) ON DELETE CASCADE
) ENGINE=InnoDB AUTO_INCREMENT=4 DEFAULT CHARSET=utf8mb4 COLLATE=utf8mb4_0900_ai_ci;
/*!40101 SET character_set_client = @saved_cs_client */;

--
-- Dumping data for table `friend_relation`
--

LOCK TABLES `friend_relation` WRITE;
/*!40000 ALTER TABLE `friend_relation` DISABLE KEYS */;
INSERT INTO `friend_relation` VALUES (1,1,3,1,NULL,'2025-09-01 11:02:31','2025-09-01 11:02:53'),(2,3,2,2,NULL,'2025-09-02 20:08:22','2025-09-02 20:08:59'),(3,1,2,1,NULL,'2025-09-07 20:26:09','2025-09-11 15:16:36');
/*!40000 ALTER TABLE `friend_relation` ENABLE KEYS */;
UNLOCK TABLES;

--
-- Table structure for table `game_records`
--

DROP TABLE IF EXISTS `game_records`;
/*!40101 SET @saved_cs_client     = @@character_set_client */;
/*!50503 SET character_set_client = utf8mb4 */;
CREATE TABLE `game_records` (
  `id` int NOT NULL AUTO_INCREMENT,
  `user_id` int NOT NULL,
  `game_type` varchar(20) NOT NULL,
  `game_state` text NOT NULL,
  `created_at` datetime DEFAULT CURRENT_TIMESTAMP,
  `updated_at` datetime DEFAULT CURRENT_TIMESTAMP,
  PRIMARY KEY (`id`),
  KEY `user_id` (`user_id`),
  CONSTRAINT `game_records_ibfk_1` FOREIGN KEY (`user_id`) REFERENCES `users` (`id`) ON DELETE CASCADE
) ENGINE=InnoDB AUTO_INCREMENT=25 DEFAULT CHARSET=utf8mb4 COLLATE=utf8mb4_0900_ai_ci;
/*!40101 SET character_set_client = @saved_cs_client */;

--
-- Dumping data for table `game_records`
--

LOCK TABLES `game_records` WRITE;
/*!40000 ALTER TABLE `game_records` DISABLE KEYS */;
INSERT INTO `game_records` VALUES (16,1,'gobang','{\"name\":\"五子棋残局_2025-09-01\",\"board\":[[0,0,0,0,0,0,0,0,0,0,0,0,0,0,0],[0,0,0,0,0,0,0,0,0,0,0,0,0,0,0],[0,0,0,0,0,0,0,0,0,0,0,0,0,0,0],[0,0,0,0,0,0,0,0,0,0,0,0,0,0,0],[0,0,0,0,0,0,0,0,0,0,0,0,0,0,0],[0,0,0,0,0,0,0,0,0,0,0,0,0,0,0],[0,0,0,0,0,0,0,0,0,0,0,0,0,0,0],[0,0,0,0,0,0,0,1,-1,0,0,0,0,0,0],[0,0,0,0,0,0,0,1,-1,0,0,0,0,0,0],[0,0,0,0,0,0,0,0,0,0,0,0,0,0,0],[0,0,0,0,0,0,0,0,0,0,0,0,0,0,0],[0,0,0,0,0,0,0,0,0,0,0,0,0,0,0],[0,0,0,0,0,0,0,0,0,0,0,0,0,0,0],[0,0,0,0,0,0,0,0,0,0,0,0,0,0,0],[0,0,0,0,0,0,0,0,0,0,0,0,0,0,0]],\"currentPlayer\":1,\"gameMode\":\"pvp\",\"aiLevel\":2,\"moveHistory\":[{\"row\":7,\"col\":7,\"player\":1,\"step\":1},{\"row\":7,\"col\":8,\"player\":-1,\"step\":2},{\"row\":8,\"col\":7,\"player\":1,\"step\":3},{\"row\":8,\"col\":8,\"player\":-1,\"step\":4}],\"moveCount\":4,\"gameTime\":538,\"blackScore\":0,\"whiteScore\":0,\"lastMove\":{\"row\":8,\"col\":8},\"gameActive\":true}','2025-09-01 22:21:57','2025-09-11 11:11:17'),(21,1,'sudoku','{\"name\":\"数独残局_2025-09-01\",\"initialBoard\":[[8,9,0,0,0,4,0,7,3],[0,0,2,3,0,9,1,4,8],[3,1,4,0,0,0,0,0,0],[0,0,7,0,1,8,4,9,0],[4,0,9,0,0,0,0,0,0],[0,6,0,0,0,0,0,0,0],[9,0,0,0,7,0,0,0,5],[7,8,0,0,5,0,0,6,0],[6,0,0,8,4,3,0,0,0]],\"board\":[[8,9,0,0,0,4,0,7,3],[0,0,2,3,0,9,1,4,8],[3,1,4,0,0,0,0,0,0],[0,0,7,0,1,8,4,9,0],[4,0,9,0,0,0,0,0,0],[0,6,0,0,0,0,0,0,0],[9,0,0,0,7,0,0,0,5],[7,8,0,0,5,0,0,6,0],[6,0,0,8,4,3,0,0,0]],\"solution\":[[8,9,6,1,2,4,5,7,3],[5,7,2,3,6,9,1,4,8],[3,1,4,7,8,5,6,2,9],[2,3,7,5,1,8,4,9,6],[4,5,9,2,3,6,7,8,1],[1,6,8,4,9,7,3,5,2],[9,4,1,6,7,2,8,3,5],[7,8,3,9,5,1,2,6,4],[6,2,5,8,4,3,9,1,7]],\"notes\":{},\"playTime\":5,\"mistakes\":0,\"remainingCells\":48,\"hints\":3,\"difficulty\":2}','2025-09-01 23:58:05','2025-09-01 23:58:05'),(22,1,'sudoku','{\"name\":\"数独残局_2025-09-02\",\"initialBoard\":[[0,1,0,0,0,4,0,0,8],[8,0,2,1,5,9,6,0,0],[0,0,0,0,0,0,0,4,2],[2,0,0,4,0,1,9,0,0],[0,0,0,0,0,5,0,6,0],[0,0,3,0,0,0,4,0,0],[7,0,1,0,4,0,0,5,6],[5,6,0,8,0,0,0,2,0],[0,8,9,5,0,2,7,0,0]],\"board\":[[0,1,0,0,0,4,0,0,8],[8,0,2,1,5,9,6,0,0],[0,3,0,0,0,0,0,4,2],[2,5,0,4,0,1,9,0,0],[0,0,0,0,0,5,0,6,0],[0,0,3,0,0,0,4,0,0],[7,0,1,0,4,0,0,5,6],[5,6,0,8,0,0,1,2,0],[0,8,9,5,0,2,7,2,0]],\"solution\":[[6,1,7,2,3,4,5,9,8],[8,4,2,1,5,9,6,3,7],[9,3,5,6,7,8,1,4,2],[2,5,6,4,8,1,9,7,3],[4,7,8,3,9,5,2,6,1],[1,9,3,7,2,6,4,8,5],[7,2,1,9,4,3,8,5,6],[5,6,4,8,1,7,3,2,9],[3,8,9,5,6,2,7,1,4]],\"notes\":{},\"playTime\":22,\"mistakes\":0,\"remainingCells\":44,\"hints\":1,\"difficulty\":2}','2025-09-02 11:34:22','2025-09-11 20:23:41'),(23,3,'sudoku','{\"name\":\"数独残局_2025-09-02\",\"initialBoard\":[[0,0,8,2,1,3,5,0,0],[0,7,0,6,0,0,1,2,0],[2,0,0,0,7,0,0,6,0],[0,5,0,9,6,0,0,0,0],[0,0,0,1,0,5,0,0,2],[4,0,2,0,0,0,6,0,5],[8,0,0,0,0,1,2,0,0],[0,1,0,8,0,9,4,0,0],[0,0,0,0,3,6,9,0,1]],\"board\":[[0,0,8,2,1,3,5,0,0],[0,7,0,6,0,0,1,2,0],[2,0,0,0,7,0,0,6,0],[0,5,0,9,6,0,0,0,0],[0,0,0,1,0,5,0,0,2],[4,0,2,0,0,0,6,0,5],[8,0,0,0,0,1,2,0,0],[0,1,0,8,0,9,4,0,0],[0,0,0,0,3,6,9,0,1]],\"solution\":[[9,6,8,2,1,3,5,4,7],[3,7,5,6,9,4,1,2,8],[2,4,1,5,7,8,3,6,9],[1,5,7,9,6,2,8,3,4],[6,8,3,1,4,5,7,9,2],[4,9,2,3,8,7,6,1,5],[8,3,9,4,5,1,2,7,6],[7,1,6,8,2,9,4,5,3],[5,2,4,7,3,6,9,8,1]],\"notes\":{},\"playTime\":2,\"mistakes\":0,\"remainingCells\":48,\"hints\":3,\"difficulty\":2}','2025-09-02 20:07:17','2025-09-02 20:07:17'),(24,1,'gobang','{\"name\":\"五子棋残局_2025-09-11\",\"board\":[[0,0,0,0,0,0,0,0,0,0,0,0,0,0,0],[0,0,0,0,0,0,0,0,0,0,0,0,0,0,0],[0,0,0,0,0,0,0,0,0,0,0,0,0,0,0],[0,0,0,0,0,0,0,0,0,0,0,0,0,0,0],[0,0,0,0,0,0,0,0,0,0,0,0,0,0,0],[0,0,0,0,0,0,0,0,1,0,0,0,0,0,0],[0,0,0,0,0,0,1,-1,-1,0,0,0,0,0,0],[0,0,0,0,0,0,-1,1,1,0,0,-1,0,0,0],[0,0,0,0,0,0,0,0,-1,0,0,0,0,0,0],[0,0,0,0,0,0,0,1,0,0,0,0,0,0,0],[0,0,0,0,0,0,0,0,0,0,0,0,0,0,0],[0,0,0,0,0,0,0,0,0,0,0,0,0,0,0],[0,0,0,0,0,0,0,0,0,0,0,0,0,0,0],[0,0,0,0,0,0,0,0,0,0,0,0,0,0,0],[0,0,0,0,0,0,0,0,0,0,0,0,0,0,0]],\"currentPlayer\":1,\"gameMode\":\"pve\",\"aiLevel\":3,\"moveHistory\":[{\"row\":7,\"col\":7,\"player\":1,\"step\":1},{\"row\":6,\"col\":7,\"player\":-1,\"step\":2},{\"row\":7,\"col\":8,\"player\":1,\"step\":3},{\"row\":7,\"col\":6,\"player\":-1,\"step\":4},{\"row\":5,\"col\":8,\"player\":1,\"step\":5},{\"row\":6,\"col\":8,\"player\":-1,\"step\":6},{\"row\":6,\"col\":6,\"player\":1,\"step\":7},{\"row\":8,\"col\":8,\"player\":-1,\"step\":8},{\"row\":9,\"col\":7,\"player\":1,\"step\":9},{\"row\":7,\"col\":11,\"player\":-1,\"step\":10}],\"moveCount\":10,\"gameTime\":29,\"blackScore\":1,\"whiteScore\":1,\"lastMove\":{\"row\":7,\"col\":11},\"gameActive\":true}','2025-09-09 15:15:38','2025-09-11 11:04:42');
/*!40000 ALTER TABLE `game_records` ENABLE KEYS */;
UNLOCK TABLES;

--
-- Table structure for table `user_favorites`
--

DROP TABLE IF EXISTS `user_favorites`;
/*!40101 SET @saved_cs_client     = @@character_set_client */;
/*!50503 SET character_set_client = utf8mb4 */;
CREATE TABLE `user_favorites` (
  `id` int NOT NULL AUTO_INCREMENT,
  `user_id` int NOT NULL,
  `game_id` varchar(50) NOT NULL,
  `created_at` datetime DEFAULT CURRENT_TIMESTAMP,
  PRIMARY KEY (`id`),
  UNIQUE KEY `user_id` (`user_id`,`game_id`),
  CONSTRAINT `user_favorites_ibfk_1` FOREIGN KEY (`user_id`) REFERENCES `users` (`id`) ON DELETE CASCADE
) ENGINE=InnoDB AUTO_INCREMENT=15 DEFAULT CHARSET=utf8mb4 COLLATE=utf8mb4_0900_ai_ci;
/*!40101 SET character_set_client = @saved_cs_client */;

--
-- Dumping data for table `user_favorites`
--

LOCK TABLES `user_favorites` WRITE;
/*!40000 ALTER TABLE `user_favorites` DISABLE KEYS */;
INSERT INTO `user_favorites` VALUES (4,3,'gobang','2025-09-02 20:07:38'),(9,1,'sudoku','2025-09-10 12:10:37');
/*!40000 ALTER TABLE `user_favorites` ENABLE KEYS */;
UNLOCK TABLES;

--
-- Table structure for table `user_game_stats`
--

DROP TABLE IF EXISTS `user_game_stats`;
/*!40101 SET @saved_cs_client     = @@character_set_client */;
/*!50503 SET character_set_client = utf8mb4 */;
CREATE TABLE `user_game_stats` (
  `id` int NOT NULL AUTO_INCREMENT,
  `user_id` int NOT NULL,
  `game_type` varchar(20) NOT NULL,
  `start_time` datetime NOT NULL,
  `end_time` datetime NOT NULL,
  `created_at` datetime DEFAULT CURRENT_TIMESTAMP,
  `duration_seconds` int unsigned DEFAULT '0' COMMENT '游戏持续时长（秒）',
  `win_status` tinyint DEFAULT '0' COMMENT '胜利状态: 0=未完成/平局, 1=胜利, -1=失败',
  PRIMARY KEY (`id`),
  KEY `idx_user_game_stats_user_id_game_type` (`user_id`,`game_type`),
  KEY `idx_user_game_stats_start_time` (`start_time`),
  CONSTRAINT `user_game_stats_ibfk_1` FOREIGN KEY (`user_id`) REFERENCES `users` (`id`) ON DELETE CASCADE
) ENGINE=InnoDB AUTO_INCREMENT=239 DEFAULT CHARSET=utf8mb4 COLLATE=utf8mb4_0900_ai_ci;
/*!40101 SET character_set_client = @saved_cs_client */;

--
-- Dumping data for table `user_game_stats`
--

LOCK TABLES `user_game_stats` WRITE;
/*!40000 ALTER TABLE `user_game_stats` DISABLE KEYS */;
INSERT INTO `user_game_stats` VALUES (1,1,'sudoku','2025-09-01 23:41:09','2025-09-01 23:41:17','2025-09-01 23:41:16',8,0),(2,1,'sudoku','2025-09-01 23:43:03','2025-09-01 23:43:10','2025-09-01 23:43:09',7,0),(3,1,'sudoku','2025-09-01 23:45:13','2025-09-01 23:45:26','2025-09-01 23:45:26',13,0),(4,1,'sudoku','2025-09-01 23:48:48','2025-09-01 23:50:13','2025-09-01 23:50:12',85,0),(5,1,'sudoku','2025-09-01 23:50:13','2025-09-01 23:50:56','2025-09-01 23:50:55',43,0),(6,1,'sudoku','2025-09-01 23:50:56','2025-09-01 23:51:20','2025-09-01 23:51:20',24,0),(7,1,'sudoku','2025-09-01 23:51:20','2025-09-01 23:51:28','2025-09-01 23:51:27',8,0),(8,1,'sudoku','2025-09-01 23:51:28','2025-09-01 23:52:10','2025-09-01 23:52:10',43,0),(9,1,'sudoku','2025-09-01 23:52:33','2025-09-01 23:52:34','2025-09-01 23:52:33',1,1),(10,1,'sudoku','2025-09-01 23:54:12','2025-09-01 23:54:15','2025-09-01 23:54:14',3,0),(11,1,'sudoku','2025-09-01 23:54:15','2025-09-01 23:54:29','2025-09-01 23:54:28',14,0),(12,1,'sudoku','2025-09-01 23:54:29','2025-09-01 23:54:38','2025-09-01 23:54:37',9,0),(13,1,'sudoku','2025-09-01 23:54:38','2025-09-01 23:54:40','2025-09-01 23:54:40',2,0),(14,1,'sudoku','2025-09-01 23:54:40','2025-09-01 23:54:42','2025-09-01 23:54:41',2,0),(15,1,'sudoku','2025-09-01 23:54:42','2025-09-01 23:54:49','2025-09-01 23:54:48',7,0),(16,1,'sudoku','2025-09-01 23:54:49','2025-09-01 23:54:54','2025-09-01 23:54:53',5,0),(17,1,'sudoku','2025-09-01 23:54:54','2025-09-01 23:54:55','2025-09-01 23:54:55',1,0),(18,1,'sudoku','2025-09-01 23:54:55','2025-09-01 23:55:04','2025-09-01 23:55:03',9,0),(19,1,'sudoku','2025-09-01 23:55:04','2025-09-01 23:55:07','2025-09-01 23:55:07',4,0),(20,1,'sudoku','2025-09-01 23:55:07','2025-09-01 23:55:09','2025-09-01 23:55:09',2,0),(21,1,'sudoku','2025-09-01 23:55:09','2025-09-01 23:55:16','2025-09-01 23:55:15',7,0),(22,1,'sudoku','2025-09-01 23:55:16','2025-09-01 23:55:18','2025-09-01 23:55:17',2,0),(23,1,'sudoku','2025-09-01 23:55:18','2025-09-01 23:55:23','2025-09-01 23:55:23',5,1),(24,1,'sudoku','2025-09-01 23:56:12','2025-09-01 23:56:14','2025-09-01 23:56:13',2,0),(25,1,'sudoku','2025-09-01 23:56:14','2025-09-01 23:56:26','2025-09-01 23:56:26',12,0),(26,1,'sudoku','2025-09-01 23:56:29','2025-09-01 23:56:31','2025-09-01 23:56:30',2,0),(27,1,'gobang','2025-09-01 23:56:45','2025-09-01 23:56:50','2025-09-01 23:56:49',5,1),(28,1,'sudoku','2025-09-01 23:58:00','2025-09-01 23:58:08','2025-09-01 23:58:08',9,0),(29,1,'gobang','2025-09-02 11:09:25','2025-09-02 11:13:40','2025-09-02 11:13:40',255,0),(30,1,'gobang','2025-09-02 11:13:40','2025-09-02 11:13:42','2025-09-02 11:13:42',2,0),(31,1,'gobang','2025-09-02 11:13:42','2025-09-02 11:14:24','2025-09-02 11:14:24',42,0),(32,1,'gobang','2025-09-02 11:22:44','2025-09-02 11:32:18','2025-09-02 11:32:17',574,0),(33,1,'sudoku','2025-09-02 11:34:16','2025-09-02 11:34:25','2025-09-02 11:34:25',9,0),(34,1,'gobang','2025-09-02 11:34:35','2025-09-02 11:34:51','2025-09-02 11:34:50',15,0),(35,1,'sudoku','2025-09-02 11:35:11','2025-09-02 11:35:16','2025-09-02 11:35:16',5,0),(36,1,'sudoku','2025-09-02 13:23:47','2025-09-02 13:23:52','2025-09-02 13:23:52',5,0),(37,3,'gobang','2025-09-02 20:04:52','2025-09-02 20:05:42','2025-09-02 20:05:42',50,0),(38,3,'gobang','2025-09-02 20:05:48','2025-09-02 20:06:13','2025-09-02 20:06:12',24,0),(39,3,'sudoku','2025-09-02 20:06:31','2025-09-02 20:07:11','2025-09-02 20:07:10',40,0),(40,3,'sudoku','2025-09-02 20:07:29','2025-09-02 20:07:35','2025-09-02 20:07:34',6,0),(41,3,'gobang','2025-09-02 20:07:43','2025-09-02 20:07:45','2025-09-02 20:07:44',2,0),(42,2,'gobang','2025-09-02 20:13:15','2025-09-02 20:15:32','2025-09-02 20:15:31',137,0),(43,1,'gobang','2025-09-07 18:29:52','2025-09-07 19:08:08','2025-09-07 19:08:08',2296,0),(44,1,'gobang','2025-09-07 19:59:38','2025-09-07 19:59:39','2025-09-07 19:59:39',1,0),(45,1,'gobang','2025-09-07 19:59:41','2025-09-07 19:59:44','2025-09-07 19:59:43',3,0),(46,1,'sudoku','2025-09-07 20:01:40','2025-09-07 20:01:42','2025-09-07 20:01:41',2,0),(47,1,'gobang','2025-09-07 20:25:26','2025-09-07 20:25:28','2025-09-07 20:25:28',2,0),(48,1,'gobang','2025-09-07 20:29:34','2025-09-07 20:29:50','2025-09-07 20:29:49',16,0),(49,1,'gobang','2025-09-07 20:31:13','2025-09-07 20:31:18','2025-09-07 20:31:17',5,0),(50,1,'gobang','2025-09-09 09:42:20','2025-09-09 09:53:05','2025-09-09 09:53:05',645,0),(51,1,'gobang','2025-09-09 09:53:05','2025-09-09 09:53:07','2025-09-09 09:53:07',2,0),(52,1,'gobang','2025-09-09 09:53:07','2025-09-09 09:53:14','2025-09-09 09:53:13',6,0),(53,1,'gobang','2025-09-09 09:53:14','2025-09-09 09:53:16','2025-09-09 09:53:16',3,0),(54,1,'gobang','2025-09-09 09:53:16','2025-09-09 09:57:16','2025-09-09 09:57:16',240,0),(55,1,'gobang','2025-09-09 09:57:16','2025-09-09 09:57:28','2025-09-09 09:57:28',12,0),(56,1,'gobang','2025-09-09 09:57:28','2025-09-09 09:57:34','2025-09-09 09:57:34',6,0),(57,1,'gobang','2025-09-09 09:57:34','2025-09-09 09:57:36','2025-09-09 09:57:35',1,0),(58,1,'gobang','2025-09-09 10:02:52','2025-09-09 10:07:34','2025-09-09 10:07:33',281,0),(59,1,'gobang','2025-09-09 10:07:34','2025-09-09 10:07:36','2025-09-09 10:07:35',2,0),(60,1,'gobang','2025-09-09 10:07:36','2025-09-09 10:07:41','2025-09-09 10:07:40',5,0),(61,1,'gobang','2025-09-09 10:07:41','2025-09-09 10:07:42','2025-09-09 10:07:42',1,0),(62,1,'gobang','2025-09-09 10:07:42','2025-09-09 10:08:14','2025-09-09 10:08:13',31,0),(63,1,'gobang','2025-09-09 10:08:14','2025-09-09 10:09:57','2025-09-09 10:09:56',103,0),(64,1,'gobang','2025-09-09 10:09:57','2025-09-09 10:09:58','2025-09-09 10:09:58',1,0),(65,1,'gobang','2025-09-09 10:09:58','2025-09-09 10:09:59','2025-09-09 10:09:59',1,0),(66,1,'gobang','2025-09-09 10:09:59','2025-09-09 10:10:14','2025-09-09 10:10:14',15,0),(67,1,'gobang','2025-09-09 10:10:14','2025-09-09 10:10:16','2025-09-09 10:10:16',2,0),(68,1,'gobang','2025-09-09 10:10:16','2025-09-09 10:10:37','2025-09-09 10:10:37',21,0),(69,1,'gobang','2025-09-09 10:10:37','2025-09-09 10:10:46','2025-09-09 10:10:46',9,0),(70,1,'gobang','2025-09-09 10:10:46','2025-09-09 10:11:27','2025-09-09 10:11:27',41,0),(71,1,'gobang','2025-09-09 10:11:27','2025-09-09 10:11:29','2025-09-09 10:11:29',2,0),(72,1,'gobang','2025-09-09 10:11:29','2025-09-09 10:11:34','2025-09-09 10:11:34',5,0),(73,1,'gobang','2025-09-09 10:11:34','2025-09-09 10:20:02','2025-09-09 10:20:02',508,0),(74,1,'gobang','2025-09-09 10:20:02','2025-09-09 10:20:04','2025-09-09 10:20:03',1,0),(75,1,'gobang','2025-09-09 10:20:04','2025-09-09 10:20:08','2025-09-09 10:20:07',4,0),(76,1,'gobang','2025-09-09 10:38:13','2025-09-09 10:39:12','2025-09-09 10:39:11',59,0),(77,1,'gobang','2025-09-09 10:39:12','2025-09-09 10:41:19','2025-09-09 10:41:19',127,0),(78,1,'gobang','2025-09-09 10:41:19','2025-09-09 10:41:26','2025-09-09 10:41:25',6,0),(79,1,'gobang','2025-09-09 10:41:26','2025-09-09 10:41:50','2025-09-09 10:41:50',24,0),(80,1,'gobang','2025-09-09 12:45:11','2025-09-09 12:55:15','2025-09-09 12:55:14',603,0),(81,1,'gobang','2025-09-09 12:55:15','2025-09-09 12:55:16','2025-09-09 12:55:16',1,0),(82,1,'gobang','2025-09-09 12:55:16','2025-09-09 12:55:37','2025-09-09 12:55:37',21,0),(83,1,'gobang','2025-09-09 12:55:37','2025-09-09 12:55:39','2025-09-09 12:55:39',2,0),(84,1,'gobang','2025-09-09 12:55:39','2025-09-09 12:55:42','2025-09-09 12:55:42',3,0),(85,1,'gobang','2025-09-09 12:55:42','2025-09-09 12:55:44','2025-09-09 12:55:43',1,0),(86,1,'gobang','2025-09-09 12:55:44','2025-09-09 12:56:23','2025-09-09 12:56:22',39,0),(87,1,'gobang','2025-09-09 12:56:23','2025-09-09 12:57:45','2025-09-09 12:57:44',82,0),(88,1,'gobang','2025-09-09 12:57:45','2025-09-09 12:57:47','2025-09-09 12:57:46',2,0),(89,1,'gobang','2025-09-09 12:57:47','2025-09-09 12:57:48','2025-09-09 12:57:47',1,0),(90,1,'gobang','2025-09-09 12:57:48','2025-09-09 12:57:57','2025-09-09 12:57:57',9,0),(91,1,'gobang','2025-09-09 12:57:57','2025-09-09 12:58:06','2025-09-09 12:58:06',9,0),(92,1,'gobang','2025-09-09 12:58:06','2025-09-09 12:58:12','2025-09-09 12:58:12',6,0),(93,1,'gobang','2025-09-09 12:58:12','2025-09-09 12:58:14','2025-09-09 12:58:13',2,0),(94,1,'gobang','2025-09-09 12:58:14','2025-09-09 12:58:15','2025-09-09 12:58:15',2,0),(95,1,'gobang','2025-09-09 12:58:15','2025-09-09 13:00:56','2025-09-09 13:00:55',160,0),(96,1,'gobang','2025-09-09 13:00:56','2025-09-09 13:00:59','2025-09-09 13:00:59',4,0),(97,1,'gobang','2025-09-09 13:00:59','2025-09-09 13:01:02','2025-09-09 13:01:02',3,0),(98,1,'gobang','2025-09-09 13:01:02','2025-09-09 13:02:08','2025-09-09 13:02:08',66,0),(99,1,'gobang','2025-09-09 13:02:08','2025-09-09 13:02:11','2025-09-09 13:02:10',3,0),(100,1,'gobang','2025-09-09 13:02:11','2025-09-09 13:02:13','2025-09-09 13:02:13',2,0),(101,1,'gobang','2025-09-09 13:02:13','2025-09-09 13:02:14','2025-09-09 13:02:14',1,0),(102,1,'gobang','2025-09-09 13:02:14','2025-09-09 13:02:54','2025-09-09 13:02:54',40,0),(103,1,'gobang','2025-09-09 13:02:54','2025-09-09 13:03:07','2025-09-09 13:03:06',13,0),(104,1,'gobang','2025-09-09 13:03:07','2025-09-09 13:03:22','2025-09-09 13:03:21',15,0),(105,1,'gobang','2025-09-09 13:03:22','2025-09-09 13:03:28','2025-09-09 13:03:27',6,0),(106,1,'gobang','2025-09-09 13:03:28','2025-09-09 13:03:29','2025-09-09 13:03:29',1,0),(107,1,'gobang','2025-09-09 13:03:29','2025-09-09 13:03:30','2025-09-09 13:03:30',1,0),(108,1,'gobang','2025-09-09 13:03:30','2025-09-09 13:03:37','2025-09-09 13:03:37',7,0),(109,1,'gobang','2025-09-09 13:03:37','2025-09-09 13:03:45','2025-09-09 13:03:44',7,0),(110,1,'gobang','2025-09-09 13:03:45','2025-09-09 13:03:51','2025-09-09 13:03:50',6,0),(111,1,'gobang','2025-09-09 13:03:51','2025-09-09 13:03:54','2025-09-09 13:03:54',3,0),(112,1,'gobang','2025-09-09 13:03:54','2025-09-09 13:04:00','2025-09-09 13:04:00',6,0),(113,1,'gobang','2025-09-09 13:04:00','2025-09-09 13:04:07','2025-09-09 13:04:06',7,0),(114,1,'gobang','2025-09-09 13:04:07','2025-09-09 13:06:55','2025-09-09 13:06:55',168,0),(115,1,'gobang','2025-09-09 13:06:55','2025-09-09 13:06:58','2025-09-09 13:06:58',3,0),(116,1,'gobang','2025-09-09 13:06:58','2025-09-09 13:07:16','2025-09-09 13:07:15',17,0),(117,1,'gobang','2025-09-09 13:07:16','2025-09-09 13:07:21','2025-09-09 13:07:21',6,0),(118,1,'gobang','2025-09-09 13:07:21','2025-09-09 13:07:24','2025-09-09 13:07:23',2,0),(119,1,'gobang','2025-09-09 13:07:24','2025-09-09 13:07:27','2025-09-09 13:07:27',4,0),(120,1,'gobang','2025-09-09 13:07:27','2025-09-09 13:08:09','2025-09-09 13:08:08',42,0),(121,1,'gobang','2025-09-09 13:08:09','2025-09-09 13:08:10','2025-09-09 13:08:09',1,0),(122,1,'gobang','2025-09-09 13:08:10','2025-09-09 13:08:47','2025-09-09 13:08:46',37,0),(123,1,'gobang','2025-09-09 13:08:47','2025-09-09 13:08:50','2025-09-09 13:08:49',3,0),(124,1,'gobang','2025-09-09 13:08:50','2025-09-09 13:08:54','2025-09-09 13:08:53',4,0),(125,1,'gobang','2025-09-09 13:08:54','2025-09-09 13:09:03','2025-09-09 13:09:03',10,0),(126,1,'gobang','2025-09-09 13:09:03','2025-09-09 13:09:10','2025-09-09 13:09:09',6,0),(127,1,'gobang','2025-09-09 13:09:10','2025-09-09 13:09:13','2025-09-09 13:09:13',4,0),(128,1,'gobang','2025-09-09 13:09:13','2025-09-09 13:09:15','2025-09-09 13:09:15',2,0),(129,1,'gobang','2025-09-09 13:09:15','2025-09-09 13:09:23','2025-09-09 13:09:22',7,0),(130,1,'gobang','2025-09-09 13:09:23','2025-09-09 13:09:25','2025-09-09 13:09:24',2,0),(131,1,'gobang','2025-09-09 13:09:25','2025-09-09 13:09:30','2025-09-09 13:09:30',5,0),(132,1,'gobang','2025-09-09 13:09:30','2025-09-09 13:09:32','2025-09-09 13:09:31',1,0),(133,1,'gobang','2025-09-09 13:09:32','2025-09-09 13:09:39','2025-09-09 13:09:38',7,0),(134,1,'gobang','2025-09-09 13:09:39','2025-09-09 13:09:43','2025-09-09 13:09:42',4,0),(135,1,'gobang','2025-09-09 13:09:43','2025-09-09 13:09:49','2025-09-09 13:09:48',6,0),(136,1,'gobang','2025-09-09 13:09:49','2025-09-09 13:09:52','2025-09-09 13:09:52',4,0),(137,1,'gobang','2025-09-09 13:09:52','2025-09-09 13:09:56','2025-09-09 13:09:56',4,0),(138,1,'gobang','2025-09-09 13:09:56','2025-09-09 13:09:58','2025-09-09 13:09:57',1,0),(139,1,'gobang','2025-09-09 13:09:58','2025-09-09 13:10:39','2025-09-09 13:10:39',42,0),(140,1,'gobang','2025-09-09 13:10:39','2025-09-09 13:10:53','2025-09-09 13:10:53',14,0),(141,1,'gobang','2025-09-09 13:10:53','2025-09-09 13:10:58','2025-09-09 13:10:58',5,0),(142,1,'gobang','2025-09-09 13:10:58','2025-09-09 13:11:07','2025-09-09 13:11:07',9,0),(143,1,'gobang','2025-09-09 13:11:07','2025-09-09 13:11:14','2025-09-09 13:11:14',7,0),(144,1,'gobang','2025-09-09 13:11:14','2025-09-09 13:11:29','2025-09-09 13:11:29',15,0),(145,1,'gobang','2025-09-09 13:11:29','2025-09-09 13:12:52','2025-09-09 13:12:52',83,0),(146,1,'gobang','2025-09-09 13:12:52','2025-09-09 13:13:08','2025-09-09 13:13:07',15,0),(147,1,'gobang','2025-09-09 13:13:08','2025-09-09 13:13:20','2025-09-09 13:13:20',13,0),(148,1,'gobang','2025-09-09 13:13:20','2025-09-09 13:14:46','2025-09-09 13:14:45',86,0),(149,1,'gobang','2025-09-09 13:14:46','2025-09-09 13:14:53','2025-09-09 13:14:52',7,0),(150,1,'gobang','2025-09-09 13:14:53','2025-09-09 13:15:00','2025-09-09 13:14:59',7,0),(151,1,'gobang','2025-09-09 13:15:00','2025-09-09 13:15:29','2025-09-09 13:15:29',30,0),(152,1,'gobang','2025-09-09 13:15:29','2025-09-09 13:16:13','2025-09-09 13:16:13',44,0),(153,1,'gobang','2025-09-09 13:16:13','2025-09-09 13:20:17','2025-09-09 13:20:17',244,0),(154,1,'gobang','2025-09-09 13:20:17','2025-09-09 13:20:26','2025-09-09 13:20:26',9,0),(155,1,'gobang','2025-09-09 13:20:26','2025-09-09 13:20:35','2025-09-09 13:20:34',9,0),(156,1,'gobang','2025-09-09 13:20:35','2025-09-09 13:20:36','2025-09-09 13:20:35',1,0),(157,1,'gobang','2025-09-09 13:20:36','2025-09-09 13:20:42','2025-09-09 13:20:42',6,0),(158,1,'gobang','2025-09-09 13:20:42','2025-09-09 13:20:44','2025-09-09 13:20:44',2,0),(159,1,'gobang','2025-09-09 13:20:44','2025-09-09 13:20:47','2025-09-09 13:20:47',3,0),(160,1,'gobang','2025-09-09 13:20:47','2025-09-09 13:20:51','2025-09-09 13:20:51',4,0),(161,1,'gobang','2025-09-09 13:20:51','2025-09-09 13:20:54','2025-09-09 13:20:54',3,0),(162,1,'gobang','2025-09-09 13:20:54','2025-09-09 13:20:58','2025-09-09 13:20:58',4,0),(163,1,'gobang','2025-09-09 13:20:58','2025-09-09 13:21:05','2025-09-09 13:21:05',7,0),(164,1,'gobang','2025-09-09 13:21:05','2025-09-09 13:21:09','2025-09-09 13:21:08',3,0),(165,1,'gobang','2025-09-09 13:21:09','2025-09-09 13:21:41','2025-09-09 13:21:41',33,0),(166,1,'gobang','2025-09-09 13:21:41','2025-09-09 13:21:46','2025-09-09 13:21:45',4,0),(167,1,'gobang','2025-09-09 13:21:46','2025-09-09 13:23:30','2025-09-09 13:23:30',105,0),(168,1,'gobang','2025-09-09 13:23:30','2025-09-09 13:26:11','2025-09-09 13:26:10',160,0),(169,1,'gobang','2025-09-09 13:26:11','2025-09-09 13:26:30','2025-09-09 13:26:30',20,0),(170,1,'gobang','2025-09-09 13:26:30','2025-09-09 13:27:31','2025-09-09 13:27:30',61,0),(171,1,'gobang','2025-09-09 13:27:31','2025-09-09 13:27:33','2025-09-09 13:27:32',2,0),(172,1,'gobang','2025-09-09 13:27:33','2025-09-09 13:27:34','2025-09-09 13:27:34',1,0),(173,1,'gobang','2025-09-09 13:27:34','2025-09-09 13:27:36','2025-09-09 13:27:36',2,0),(174,1,'gobang','2025-09-09 13:27:36','2025-09-09 13:28:37','2025-09-09 13:28:37',61,0),(175,1,'gobang','2025-09-09 14:14:59','2025-09-09 14:17:19','2025-09-09 14:17:19',140,0),(176,1,'gobang','2025-09-09 14:17:19','2025-09-09 14:17:24','2025-09-09 14:17:23',5,0),(177,1,'gobang','2025-09-09 14:17:24','2025-09-09 14:17:37','2025-09-09 14:17:36',13,0),(178,1,'gobang','2025-09-09 14:17:37','2025-09-09 14:17:42','2025-09-09 14:17:42',6,0),(179,1,'gobang','2025-09-09 14:17:42','2025-09-09 14:18:21','2025-09-09 14:18:20',38,0),(180,1,'gobang','2025-09-09 14:18:21','2025-09-09 14:18:40','2025-09-09 14:18:39',19,0),(181,1,'gobang','2025-09-09 14:18:40','2025-09-09 14:18:41','2025-09-09 14:18:41',1,0),(182,1,'gobang','2025-09-09 14:18:41','2025-09-09 14:18:43','2025-09-09 14:18:43',2,0),(183,1,'gobang','2025-09-09 14:18:54','2025-09-09 14:21:22','2025-09-09 14:21:22',149,0),(184,1,'gobang','2025-09-09 14:21:22','2025-09-09 14:21:24','2025-09-09 14:21:23',1,0),(185,1,'gobang','2025-09-09 14:21:24','2025-09-09 14:24:17','2025-09-09 14:24:17',173,0),(186,1,'gobang','2025-09-09 14:24:17','2025-09-09 14:24:30','2025-09-09 14:24:30',13,0),(187,1,'gobang','2025-09-09 14:24:30','2025-09-09 14:24:37','2025-09-09 14:24:37',7,0),(188,1,'gobang','2025-09-09 14:24:37','2025-09-09 14:25:07','2025-09-09 14:25:06',29,0),(189,1,'gobang','2025-09-09 14:25:07','2025-09-09 14:25:55','2025-09-09 14:25:54',48,0),(190,1,'gobang','2025-09-09 14:25:55','2025-09-09 14:26:54','2025-09-09 14:26:54',59,0),(191,1,'gobang','2025-09-09 14:26:54','2025-09-09 14:26:58','2025-09-09 14:26:57',3,0),(192,1,'gobang','2025-09-09 14:26:58','2025-09-09 14:27:18','2025-09-09 14:27:18',21,0),(193,1,'gobang','2025-09-09 14:27:18','2025-09-09 14:27:25','2025-09-09 14:27:24',6,0),(194,1,'gobang','2025-09-09 14:27:25','2025-09-09 14:27:49','2025-09-09 14:27:49',25,0),(195,1,'gobang','2025-09-09 14:27:49','2025-09-09 14:28:13','2025-09-09 14:28:13',24,0),(196,1,'gobang','2025-09-09 14:31:00','2025-09-09 14:31:10','2025-09-09 14:31:10',10,-1),(197,1,'gobang','2025-09-09 14:34:26','2025-09-09 14:34:28','2025-09-09 14:34:27',2,0),(198,1,'gobang','2025-09-09 14:34:28','2025-09-09 14:34:34','2025-09-09 14:34:33',6,0),(199,1,'gobang','2025-09-09 14:34:34','2025-09-09 14:34:35','2025-09-09 14:34:35',2,0),(200,1,'gobang','2025-09-09 14:34:35','2025-09-09 14:34:38','2025-09-09 14:34:37',3,0),(201,1,'gobang','2025-09-09 14:34:38','2025-09-09 14:34:41','2025-09-09 14:34:41',3,0),(202,1,'gobang','2025-09-09 14:34:41','2025-09-09 14:34:44','2025-09-09 14:34:44',3,0),(203,1,'gobang','2025-09-09 14:34:44','2025-09-09 14:34:45','2025-09-09 14:34:45',1,0),(204,1,'gobang','2025-09-09 14:34:45','2025-09-09 14:34:59','2025-09-09 14:34:59',14,0),(205,1,'gobang','2025-09-09 14:34:59','2025-09-09 14:35:01','2025-09-09 14:35:01',2,0),(206,1,'gobang','2025-09-09 14:35:31','2025-09-09 14:39:07','2025-09-09 14:39:06',216,0),(207,1,'gobang','2025-09-09 14:39:07','2025-09-09 14:39:10','2025-09-09 14:39:09',3,0),(208,1,'gobang','2025-09-09 14:39:10','2025-09-09 14:39:15','2025-09-09 14:39:15',5,0),(209,1,'gobang','2025-09-09 14:39:15','2025-09-09 14:39:17','2025-09-09 14:39:16',2,0),(210,1,'gobang','2025-09-09 14:39:17','2025-09-09 14:39:19','2025-09-09 14:39:19',2,0),(211,1,'gobang','2025-09-09 14:39:19','2025-09-09 14:39:29','2025-09-09 14:39:28',10,0),(212,1,'gobang','2025-09-09 14:39:29','2025-09-09 14:39:32','2025-09-09 14:39:32',3,0),(213,1,'gobang','2025-09-09 14:39:32','2025-09-09 14:39:36','2025-09-09 14:39:35',4,0),(214,1,'gobang','2025-09-09 14:39:36','2025-09-09 14:39:40','2025-09-09 14:39:39',4,0),(215,1,'gobang','2025-09-09 14:39:40','2025-09-09 14:39:44','2025-09-09 14:39:43',4,0),(216,1,'gobang','2025-09-09 14:39:44','2025-09-09 14:40:06','2025-09-09 14:40:06',22,0),(217,1,'gobang','2025-09-09 14:40:06','2025-09-09 14:40:42','2025-09-09 14:40:42',36,0),(218,1,'gobang','2025-09-09 14:40:42','2025-09-09 14:40:52','2025-09-09 14:40:51',9,0),(219,1,'gobang','2025-09-09 14:44:13','2025-09-09 14:53:20','2025-09-09 14:53:20',548,0),(220,1,'gobang','2025-09-09 14:53:20','2025-09-09 14:53:22','2025-09-09 14:53:21',1,0),(221,1,'gobang','2025-09-09 14:53:45','2025-09-09 14:53:51','2025-09-09 14:53:51',6,1),(222,1,'gobang','2025-09-09 14:53:57','2025-09-09 14:54:04','2025-09-09 14:54:03',7,0),(223,1,'gobang','2025-09-09 14:54:04','2025-09-09 14:54:08','2025-09-09 14:54:07',4,0),(224,1,'gobang','2025-09-09 14:54:08','2025-09-09 14:54:11','2025-09-09 14:54:11',4,0),(225,1,'gobang','2025-09-09 14:54:11','2025-09-09 15:14:02','2025-09-09 15:14:02',1191,0),(226,1,'gobang','2025-09-09 15:14:10','2025-09-09 15:15:01','2025-09-09 15:15:00',51,-1),(227,1,'gobang','2025-09-09 15:15:05','2025-09-09 15:15:15','2025-09-09 15:15:15',10,1),(228,1,'gobang','2025-09-09 15:16:54','2025-09-09 15:38:10','2025-09-09 15:38:10',1276,0),(229,1,'sudoku','2025-09-09 15:38:12','2025-09-09 15:38:18','2025-09-09 15:38:17',6,0),(230,1,'gobang','2025-09-10 11:51:20','2025-09-10 11:51:23','2025-09-10 11:51:22',2,0),(231,1,'gobang','2025-09-11 00:08:56','2025-09-11 00:09:04','2025-09-11 00:09:03',8,0),(232,1,'gobang','2025-09-11 00:16:13','2025-09-11 00:16:15','2025-09-11 00:16:15',2,0),(233,1,'gobang','2025-09-11 10:07:16','2025-09-11 10:07:55','2025-09-11 10:07:55',40,1),(234,1,'gobang','2025-09-11 10:10:11','2025-09-11 10:10:22','2025-09-11 10:10:21',10,0),(235,1,'gobang','2025-09-11 11:05:24','2025-09-11 11:06:19','2025-09-11 11:06:18',55,0),(236,1,'gobang','2025-09-11 12:30:16','2025-09-11 12:30:17','2025-09-11 12:30:17',2,0),(237,1,'gobang','2025-09-11 14:38:26','2025-09-11 14:38:48','2025-09-11 14:38:48',22,1),(238,1,'sudoku','2025-09-11 20:42:25','2025-09-11 20:42:27','2025-09-11 20:42:26',2,0);
/*!40000 ALTER TABLE `user_game_stats` ENABLE KEYS */;
UNLOCK TABLES;

--
-- Table structure for table `users`
--

DROP TABLE IF EXISTS `users`;
/*!40101 SET @saved_cs_client     = @@character_set_client */;
/*!50503 SET character_set_client = utf8mb4 */;
CREATE TABLE `users` (
  `id` int NOT NULL AUTO_INCREMENT,
  `username` varchar(50) NOT NULL,
  `password` varchar(255) NOT NULL,
  `created_at` datetime DEFAULT CURRENT_TIMESTAMP,
  `last_online` datetime DEFAULT CURRENT_TIMESTAMP,
  PRIMARY KEY (`id`),
  UNIQUE KEY `username` (`username`)
) ENGINE=InnoDB AUTO_INCREMENT=4 DEFAULT CHARSET=utf8mb4 COLLATE=utf8mb4_0900_ai_ci;
/*!40101 SET character_set_client = @saved_cs_client */;

--
-- Dumping data for table `users`
--

LOCK TABLES `users` WRITE;
/*!40000 ALTER TABLE `users` DISABLE KEYS */;
INSERT INTO `users` VALUES (1,'test','$2b$10$ww.8JtYcrA7E0V5Iqp.pzOgEsr0odjuy6ByWjHKN6tKVBBmmn5iTK','2025-08-28 12:55:27','2025-09-11 21:14:09'),(2,'test1','$2b$10$xDxT1dvYe33.ROHKkPvt.uo.Otu103lAyeiGOmxmSW648xcXt2OLG','2025-08-31 23:12:04','2025-09-11 20:19:15'),(3,'test2','$2b$10$dvp/S.pwBEW0MohSHzHnJuxnOSXMirDZGE/K8Juke.eyNXHxr76Oi','2025-08-31 23:52:50','2025-09-02 20:08:37');
/*!40000 ALTER TABLE `users` ENABLE KEYS */;
UNLOCK TABLES;
/*!40103 SET TIME_ZONE=@OLD_TIME_ZONE */;

/*!40101 SET SQL_MODE=@OLD_SQL_MODE */;
/*!40014 SET FOREIGN_KEY_CHECKS=@OLD_FOREIGN_KEY_CHECKS */;
/*!40014 SET UNIQUE_CHECKS=@OLD_UNIQUE_CHECKS */;
/*!40101 SET CHARACTER_SET_CLIENT=@OLD_CHARACTER_SET_CLIENT */;
/*!40101 SET CHARACTER_SET_RESULTS=@OLD_CHARACTER_SET_RESULTS */;
/*!40101 SET COLLATION_CONNECTION=@OLD_COLLATION_CONNECTION */;
/*!40111 SET SQL_NOTES=@OLD_SQL_NOTES */;

-- Dump completed on 2025-09-11 23:35:51
